"kode","navn","verdensdel","region","tilfeller","tilfeller1000","dode","respons","areal","folketall","BNPpc","over64","urban","turisme","temperatur","immigranter","FHIFIW","kvinneligleder","eumedlem","oecdmedlem","tillitgenerelt","tillitmyndigheter","sykepenger","velferdsstatstypologi","DDD1000","DRI"
"ABW","Aruba","Amerika","Latin-Amerika og Karibia",106,1.00146440549861,3,36.11,180,105845,NA,13.5509471396854,43.411,1082000,NA,34.4,NA,0,0,0,NA,NA,NA,NA,NA,NA
"AFG","Afghanistan","Asia","Sør-Asia",34740,0.934564706177322,1045,84.26,652860,37172386,524.162880925404,2.58492693988024,25.495,NA,12.6,0.4,27,0,0,0,NA,NA,NA,NA,NA,NA
"AGO","Angola","Afrika","Afrika sør for Sahara",525,0.0170400537336186,26,77.78,1246700,30809762,3289.64666408633,2.21637364776329,65.514,218000,21.55,2.1,32,0,0,0,NA,NA,NA,NA,NA,NA
"ALB","Albania","Europa","Sør-Europa",3667,1.27931576317971,97,67.59,27400,2866376,5284.38018438156,13.7447359109736,60.319,5340000,11.4,1.7,67,0,0,0,NA,NA,NA,NA,16.41,NA
"AND","Andorra","Europa","Sør-Europa",861,11.1809469391995,52,38.89,470,77006,41793.0552583729,NA,88.062,3042000,NA,58.5,94,0,0,0,1.74622356495468,2.55790533736153,NA,NA,NA,NA
"ARE","De forente arabiske emirater","Asia","Vest-Asia",55573,5.77024572526993,335,69.44,71020,9630959,43839.3563491413,1.08500098484481,86.522,21286000,27,87.9,17,0,0,0,NA,NA,NA,NA,NA,NA
"ARG","Argentina","Amerika","Latin-Amerika og Karibia",103252,2.32055636896442,1926,90.74,2736690,44494502,11683.9496216363,11.1177888760774,91.87,6942000,14.8,4.9,85,0,0,0,1.79339723109691,2.94249201277955,NA,NA,NA,51
"ARM","Armenia","Asia","Vest-Asia",33005,11.1814040089763,592,NA,28470,2951776,4220.49027671249,11.2538176570131,63.149,1652000,7.15,6.4,53,0,0,0,NA,NA,NA,NA,10.31,NA
"ATG","Antigua og Barbuda","Amerika","Latin-Amerika og Karibia",74,0.768543713520138,3,NA,440,96286,16726.9808079479,8.79982551980558,24.599,269000,26,30.1,85,0,0,0,NA,NA,NA,NA,NA,NA
"AUS","Australia","Oseania","Australia og New Zealand",10251,0.410324141261341,108,59.26,7692020,24982688,57395.9194663167,15.6564752275591,86.012,9246000,21.65,30,97,0,0,1,1.45868465430017,2.81899943788645,1,1,NA,38
"AUT","Østerrike","Europa","Vest-Europa",19060,2.15598153095276,709,50,82522.998046875,8840521,51525.0464342791,19.0015664595899,58.297,30816000,6.35,19.9,93,0,1,1,NA,NA,0.84,2,12.17,33
"AZE","Aserbajdsjan","Asia","Vest-Asia",25113,2.52651695899231,319,77.78,82670,9939771,4739.84171028393,6.19518275071493,55.68,2633000,11.95,2.5,10,0,0,0,NA,NA,NA,NA,7.66,NA
"BDI","Burundi","Afrika","Afrika sør for Sahara",269,0.0240707741608382,1,22.22,25680,11175378,271.752044376648,2.24694046033717,13.032,NA,19.8,2.8,13,0,0,0,NA,NA,NA,NA,4.44,NA
"BEL","Belgia","Europa","Vest-Europa",63507,5.55760041039449,9798,75,30280,11427054,47491.3232594693,18.7887437383395,98.001,9119000,9.55,17.2,96,0,1,1,NA,NA,1,2,25.57,43
"BEN","Benin","Afrika","Afrika sør for Sahara",1378,0.119982084532864,26,49.07,112760,11485048,1240.82946441954,3.25360529746338,47.312,295000,27.55,3.3,66,0,0,0,NA,NA,NA,NA,NA,NA
"BFA","Burkina Faso","Afrika","Afrika sør for Sahara",1038,0.0525528775358472,53,49.07,273600,19751535,820.160793810547,2.40698082866355,29.358,144000,28.25,3.5,56,0,0,0,NA,NA,NA,NA,13.78,NA
"BGD","Bangladesh","Asia","Sør-Asia",190057,1.17787348510706,2424,62.96,130170,161356039,1698.35039428122,5.15839063962068,36.632,NA,25,1.3,39,0,0,0,1.86930860033727,1.88954468802698,NA,NA,NA,NA
"BGR","Bulgaria","Europa","Øst-Europa",7645,1.08825049604721,283,44.44,108560,7025037,9423.5586115666,21.021914434268,75.008,9273000,10.55,2.4,80,0,1,0,NA,NA,0.80427463,NA,20.25,NA
"BHR","Bahrain","Asia","Vest-Asia",34078,21.7134912538812,111,75,778.000030517578,1569439,23991.05667694,2.42633387832394,89.287,12045000,27.15,45.2,11,0,0,0,NA,NA,NA,NA,NA,NA
"BHS","Bahamas","Amerika","Latin-Amerika og Karibia",116,0.300798672336895,11,NA,10010,385640,32217.871590084,7.25760235662035,83.025,1633000,24.85,16.2,NA,0,0,0,NA,NA,NA,NA,NA,NA
"BIH","Bosnia-Hercegovina","Europa","Sør-Europa",7176,2.15889087883646,225,62.96,51200,3323929,6072.18099160639,16.4703174710621,48.245,1053000,9.85,1.1,53,0,0,0,NA,NA,NA,NA,17.85,52
"BLR","Hviterussland","Europa","Øst-Europa",65269,6.88237537643016,474,13.89,202988.0078125,9483499,6330.0752464187,14.8451481743098,78.595,11501600,6.15,11.3,19,0,0,0,NA,NA,NA,NA,17.48,NA
"BLZ","Belize","Amerika","Latin-Amerika og Karibia",39,0.101808803067839,2,75.93,22810,383071,4884.7341615523,4.73645877657144,45.724,489000,25.3,15.4,86,0,0,0,NA,NA,NA,NA,NA,NA
"BMU","Bermuda","Amerika","Nord-Amerika",150,2.34668335419274,9,72.22,54.0000009536743,63920,NA,NA,100,282000,21.3,30.9,NA,0,0,0,NA,NA,NA,NA,NA,NA
"BOL","Bolivia","Amerika","Latin-Amerika og Karibia",50867,4.48043369844225,1898,87.96,1083300,11353142,3548.59015254032,7.19194739218447,69.425,1142000,21.55,1.4,63,0,0,0,1.91422905304908,2.94397620228061,NA,NA,19.57,NA
"BRA","Brasil","Amerika","Latin-Amerika og Karibia",1926824,9.19859710442674,74133,77.31,8358140,209469333,9001.23424863499,8.92283783244003,86.569,6621000,24.95,0.4,75,0,0,0,1.93628318584071,3.28967551622419,NA,NA,22.75,NA
"BRB","Barbados","Amerika","Latin-Amerika og Karibia",103,0.35933449855394,7,78.7,430,286641,17745.1934649963,15.8026939621338,31.147,680000,26,12.1,95,1,0,0,NA,NA,NA,NA,NA,NA
"BRN","Brunei Darussalam","Asia","Sørøst-Asia",141,0.328700444328402,3,49.07,5270,428962,31628.3287914349,4.87314756750582,77.629,278000,26.85,25.5,28,0,0,0,NA,NA,NA,NA,5.92,NA
"BTN","Bhutan","Asia","Sør-Asia",84,0.111347651227343,0,77.78,38143.9990234375,754394,3243.23112593497,6.00301171280561,40.895,274000,7.4,7,59,0,0,0,NA,NA,NA,NA,NA,NA
"BWA","Botswana","Afrika","Afrika sør for Sahara",399,0.177008738641939,1,57.41,566730,2254126,8279.60136473398,4.22387434629301,69.446,NA,21.5,4.8,72,0,0,0,NA,NA,NA,NA,NA,NA
"CAF","Den sentralafrikanske republikk","Afrika","Afrika sør for Sahara",4356,0.933486514270064,53,75.93,622980,4666377,475.953609871945,2.82577370666008,41.364,NA,24.9,1.9,10,0,0,0,NA,NA,NA,NA,NA,NA
"CAN","Canada","Amerika","Nord-Amerika",108475,2.92718678527968,8798,70.83,9093510,37057765,46313.1713712961,17.2320066788651,81.411,21134000,-5.35,21.3,98,0,0,1,NA,NA,0.8,1,17.05,10
"CHE","Sveits","Europa","Vest-Europa",32931,3.86771523627992,1687,62.96,39516.0009765625,8514329,82818.1081617471,18.6232165647717,73.797,10362000,5.5,29.9,96,1,0,1,NA,NA,1,1,NA,33
"CHL","Chile","Amerika","Latin-Amerika og Karibia",319493,17.0585867171833,7069,78.24,743532.03125,18729160,15924.7942393064,11.5298016568816,87.564,5723000,8.45,5,90,0,0,1,1.85639958376691,2.81269510926119,NA,NA,NA,NA
"CHN","Kina","Asia","Øst-Asia",85199,0.0611740969175648,4642,81.94,9388210,1392730000,9976.67682180773,10.9208835350654,59.152,62900000,6.95,0.1,10,0,0,0,1.34510326449034,1.56029313790806,NA,NA,NA,NA
"CIV","Elfenbenskysten","Afrika","Afrika sør for Sahara",13037,0.520039926237859,87,59.26,318000,25069229,2302.61295091153,2.85894301500285,50.779,1965000,26.35,9.9,51,0,0,0,NA,NA,NA,NA,10.68,NA
"CMR","Kamerun","Afrika","Afrika sør for Sahara",15173,0.601715474041587,359,60.19,472710,25216237,1534.49127445052,2.72887735524057,56.374,NA,24.6,2,18,0,0,0,NA,NA,NA,NA,NA,NA
"COD","Kongo","Afrika","Afrika sør for Sahara",8135,0.0967667982373954,189,80.56,2267050,84068091,557.064418324276,3.01784062159803,44.46,NA,NA,1.1,18,0,0,0,NA,NA,NA,NA,NA,NA
"COG","Kongo-Brazzaville","Afrika","Afrika sør for Sahara",2222,0.42369302048695,47,73.15,341500,5244363,2223.85447919587,2.68171953903232,66.916,156000,24.55,7.5,20,0,0,0,NA,NA,NA,NA,NA,NA
"COL","Colombia","Amerika","Latin-Amerika og Karibia",159898,3.22058882324879,5625,87.04,1109500,49648685,6718.58532391314,8.47804701986958,80.778,3904000,24.5,2.3,66,0,0,1,1.95460526315789,3.11710526315789,NA,NA,NA,NA
"COM","Komorene","Afrika","Afrika sør for Sahara",317,0.380862214383376,7,NA,1861.00006103516,832322,1415.95531263535,3.00700930649436,28.965,35900,25.55,1.5,44,0,0,0,NA,NA,NA,NA,NA,NA
"CPV","Kapp Verde","Afrika","Afrika sør for Sahara",1780,3.27346087570595,19,77.78,4030,543767,3617.32748829173,4.60932715666821,65.732,710000,23.3,2.8,92,0,0,0,NA,NA,NA,NA,NA,NA
"CRI","Costa Rica","Amerika","Latin-Amerika og Karibia",8482,1.69658967872608,36,72.22,51060,4999441,12112.1344206452,9.54984767296984,79.34,3017000,24.8,8.3,91,0,0,0,NA,NA,NA,NA,14.18,NA
"CUB","Cuba","Amerika","Latin-Amerika og Karibia",2432,0.214497301055958,87,100,104020,11338138,8821.81889125004,15.1862114171521,77.037,4684000,25.2,0,14,0,0,0,NA,NA,NA,NA,NA,NA
"CUW","Curacao","Amerika","Latin-Amerika og Karibia",26,0.16270337922403,1,NA,NA,159800,19573.892645136,16.6848948092804,89.145,432000,NA,25,NA,NA,0,0,NA,NA,NA,NA,NA,NA
"CYM","Caymanøyene","Amerika","Latin-Amerika og Karibia",203,3.16327484651105,1,NA,240,64174,85477.2870130687,NA,100,463000,NA,44.6,NA,NA,0,0,NA,NA,NA,NA,NA,NA
"CYP","Kypros","Asia","Vest-Asia",1022,0.859354307072015,19,82.41,9240,1189265,28689.7067225792,13.7190617734483,66.81,3939000,18.45,16,94,0,1,0,1.91748099891422,2.71552660152009,NA,NA,27.14,NA
"CZE","Tsjekkia","Europa","Øst-Europa",13341,1.25504142643299,355,39.81,77220,10629928,23046.9491261402,19.4208768932343,73.792,10611000,7.55,4.8,91,0,1,1,NA,NA,0.83836966,NA,17.18,38
"DEU","Tyskland","Europa","Vest-Europa",199726,2.40907202346876,9071,50,349360,82905782,47639.0034407122,21.4619619953309,77.312,38881000,8.5,15.7,94,1,1,1,1.53984753984754,2.62092862092862,0.81,2,11.49,28
"DJI","Djibouti","Afrika","Afrika sør for Sahara",4979,5.1922996704626,56,50.93,23180,958920,3141.88921873893,4.52757937811482,77.777,NA,28,11.8,24,0,0,0,NA,NA,NA,NA,NA,NA
"DMA","Dominica","Amerika","Latin-Amerika og Karibia",18,0.25130890052356,0,74.07,750,71625,7691.34509727878,NA,70.483,63000,22.35,11.5,93,0,0,0,NA,NA,NA,NA,NA,NA
"DNK","Danmark","Europa","Nord-Europa",13061,2.25437013992595,610,62.96,41990,5793636,61390.6930097009,19.8129526369902,87.874,12749000,7.5,12.5,97,1,1,1,NA,NA,1,3,17.84,24
"DOM","Den dominikanske republikk","Amerika","Latin-Amerika og Karibia",46305,4.35722979741069,910,78.7,48310,10627165,8050.63044027449,7.08281747649721,81.074,6569000,24.55,5.3,67,0,0,0,NA,NA,NA,NA,NA,NA
"DZA","Algerie","Afrika","Nord-Afrika",20216,0.478729625485239,1028,86.57,2381740,42228429,4114.71506136896,6.36249654497986,72.629,2657000,22.5,0.6,34,0,0,0,NA,NA,NA,NA,NA,NA
"ECU","Ecuador","Amerika","Latin-Amerika og Karibia",69570,4.07214623295451,5130,86.11,248360,17084357,6295.93539868079,7.15728972666108,63.821,2535000,21.85,2.2,65,0,0,0,1.94158075601375,2.90979381443299,NA,NA,NA,60
"EGY","Egypt","Afrika","Nord-Afrika",83930,0.852742678216539,4008,84.26,995450,98423595,2549.13225178609,5.22977934620923,42.704,11196000,22.1,0.5,21,0,0,0,NA,NA,NA,NA,NA,NA
"ERI","Eritrea","Afrika","Afrika sør for Sahara",232,NA,0,93.52,101000,NA,NA,NA,NA,NA,25.5,0.5,2,0,0,0,NA,NA,NA,NA,NA,NA
"ESP","Spania","Europa","Sør-Europa",257494,5.50227260906581,28413,70.37,499563.984375,46797754,30337.6791331632,19.3785075224995,80.321,82773000,13.3,13.1,92,0,1,1,NA,NA,NA,NA,17.96,48
"EST","Estland","Europa","Nord-Europa",2015,1.52423226727848,63,37.96,43470,1321977,23258.4675814303,19.6263568469749,68.88,3234000,5.1,14.4,94,0,1,1,NA,NA,0.983889292,NA,12.13,34
"ETH","Etiopia","Afrika","Afrika sør for Sahara",7969,0.0729597818746972,139,80.56,1e+06,109224559,771.523813864476,3.50113299760986,20.763,849000,22.2,1.1,24,0,0,0,1.88036303630363,2.19059405940594,NA,NA,NA,NA
"FIN","Finland","Europa","Nord-Europa",7293,1.32226759918593,328,41.67,303910,5515525,50021.2910567702,21.7207875455222,85.382,3224000,1.7,6.9,100,1,1,1,NA,NA,1,3,18.52,20
"FJI","Fiji","Oseania","Melanesia",26,0.0294289759961425,0,78.7,18270,883483,6266.96795881419,5.44968041263952,56.248,870000,24.4,1.6,60,0,0,0,NA,NA,NA,NA,NA,NA
"FRA","Frankrike","Europa","Vest-Europa",172377,2.57410068573396,30029,65.74,547556.9921875,66965912,41631.0907389044,20.0346247469881,80.444,89322000,10.7,12.8,90,0,1,1,NA,NA,1,2,25.92,42
"FRO","Færøyene","Europa","Nord-Europa",188,3.87652844505846,0,NA,1396.00006103516,48497,NA,NA,42.064,NA,6.1,13.3,NA,NA,0,0,NA,NA,NA,NA,NA,NA
"GAB","Gabon","Afrika","Afrika sør for Sahara",6026,2.84342522796711,46,80.56,257670,2119275,7956.62781558686,3.56390746835592,89.37,NA,25.05,18.9,22,0,0,0,NA,NA,NA,NA,NA,NA
"GBR","Storbritannia","Europa","Nord-Europa",292479,4.40080478668603,40899,67.59,241930,66460344,43043.2278164551,18.3958656741466,83.398,36316000,8.45,14.1,94,0,0,1,NA,NA,0.88,NA,20.47,45
"GEO","Georgia","Asia","Vest-Asia",1003,0.269149821993485,15,71.3,69490,3726549,4722.78778321766,14.8654914310525,58.632,4757000,5.8,2,61,0,0,0,NA,NA,NA,NA,24.44,NA
"GHA","Ghana","Afrika","Afrika sør for Sahara",24988,0.839450039956854,139,56.48,227540,29767108,2202.31216442504,3.06889800693396,56.06,NA,27.2,1.5,82,0,0,0,NA,NA,NA,NA,NA,NA
"GIB","Gibraltar","Europa","Sør-Europa",180,5.33839492259327,0,NA,10,33718,NA,NA,100,NA,17.5,33.2,NA,NA,0,0,NA,NA,NA,NA,NA,NA
"GIN","Guinea","Afrika","Afrika sør for Sahara",6141,0.49467075033844,37,78.7,245720,12414318,983.309492239346,2.92602244847935,36.14,NA,25.7,0.9,40,0,0,0,NA,NA,NA,NA,NA,NA
"GMB","Gambia","Afrika","Afrika sør for Sahara",64,0.0280689197237667,3,77.78,10120,2280102,712.512371079256,2.58998093938232,61.27,552000,27.5,9.2,46,0,0,0,NA,NA,NA,NA,NA,NA
"GNB","Guinea-Bissau","Afrika","Afrika sør for Sahara",1902,1.01477397803671,26,NA,28120,1874309,777.969921786711,2.82371633615269,43.36,NA,26.75,1.4,46,0,0,0,NA,NA,NA,NA,NA,NA
"GNQ","Ekvatorial-Guinea","Afrika","Afrika sør for Sahara",3071,2.34611229864,51,NA,28050,1308974,10144.1958108456,2.45787734677897,72.143,NA,24.55,16.8,6,0,0,0,NA,NA,NA,NA,NA,NA
"GRC","Hellas","Europa","Sør-Europa",3883,0.361785399299089,193,54.63,128900,10732882,20324.3050137875,21.6552720778435,79.058,30123000,15.4,11.6,88,0,1,1,1.9153122326775,3.3524379811805,0.66,NA,33.85,47
"GRD","Grenada","Amerika","Latin-Amerika og Karibia",23,0.206363163278124,0,NA,340,111454,10485.9071571796,9.62190679562869,36.272,185000,26.65,6.4,89,0,0,0,NA,NA,NA,NA,NA,NA
"GRL","Grønland","Amerika","Nord-Amerika",13,0.232047551898327,0,50,410450,56023,54470.9563864255,NA,86.816,NA,-16.05,10,NA,NA,0,0,NA,NA,NA,NA,NA,NA
"GTM","Guatemala","Amerika","Latin-Amerika og Karibia",30872,1.88854801660249,1302,96.3,107160,16346950,4472.89236269013,4.81207250828785,51.054,1781000,23.45,0.5,52,0,0,0,1.82044887780549,3.32003325020781,NA,NA,NA,NA
"GUM","Guam","Oseania","Mikronesia",313,1.88818107234207,5,63.89,540,165768,35712.5621350321,9.84991071859466,94.78,1549000,NA,47.7,NA,NA,0,0,NA,NA,NA,NA,NA,NA
"GUY","Guyana","Amerika","Latin-Amerika og Karibia",308,0.395376660453605,17,87.04,196850,779004,4979.00218839886,6.45027124309697,26.606,287000,26,2,74,0,0,0,NA,NA,NA,NA,NA,NA
"HND","Honduras","Amerika","Latin-Amerika og Karibia",29106,3.03582093475248,807,100,111890,9587522,2505.7767518956,4.69061765907812,57.096,NA,23.5,0.4,45,0,0,0,NA,NA,NA,NA,NA,NA
"HRV","Kroatia","Europa","Sør-Europa",3827,0.936190553306475,119,50.93,55960,4087843,14920.1913831924,20.445433012423,56.947,16645000,10.9,12.5,85,0,1,0,NA,NA,NA,NA,20.28,41
"HTI","Haiti","Amerika","Latin-Amerika og Karibia",6831,0.614123160507395,143,74.07,27560,11123176,868.342024762787,4.94940384843253,55.278,447000,24.9,0.2,38,0,0,0,NA,NA,NA,NA,NA,NA
"HUN","Ungarn","Europa","Øst-Europa",4263,0.43608737050875,595,62.96,90530,9775564,16150.7727613725,19.1577253832321,71.351,17552000,9.75,5.3,70,0,1,1,NA,NA,0.829573817,NA,16.31,39
"IDN","Indonesia","Asia","Sørøst-Asia",78572,0.293547753356748,3710,71.76,1811570,267663435,3893.84642475571,5.85716561272863,55.325,15810000,25.85,0.1,61,0,0,0,1.94849246231156,1.85458542713568,NA,NA,NA,NA
"IMN","Isle of Man","Europa","Nord-Europa",336,3.99633669136625,24,NA,570,84077,NA,NA,52.588,NA,NA,50.7,NA,NA,0,0,NA,NA,NA,NA,NA,NA
"IND","India","Asia","Sør-Asia",936181,0.692125541068035,24309,75.46,2973190,1352617328,2005.86300452403,6.17995564947149,34.03,17423000,23.65,0.4,71,0,0,0,NA,NA,NA,NA,NA,72
"IRL","Irland","Europa","Nord-Europa",25670,5.27395385875912,1746,83.33,68890,4867316,78621.2279552716,13.8658017012923,63.17,10926000,9.3,17.1,97,0,1,1,NA,NA,1.08,NA,23.27,48
"IRN","Iran","Asia","Sør-Asia",262173,3.20503835995943,13211,52.78,1628760,81800269,NA,6.18457380562499,74.898,7295000,17.25,3.2,17,0,0,0,1.85060565275908,2.58479138627187,NA,NA,38.78,NA
"IRQ","Irak","Asia","Vest-Asia",81757,2.12722721785105,3345,92.59,434128.0078125,38433600,5834.16621076139,3.32359966279505,70.473,NA,21.4,0.9,31,0,0,0,1.88458149779736,3.27753303964758,NA,NA,NA,NA
"ISL","Island","Europa","Nord-Europa",1835,5.20241210475135,10,39.81,100250,352721,72968.7042306678,14.7950925565689,93.813,2343800,1.75,15.5,94,1,0,1,NA,NA,NA,NA,17.87,NA
"ISR","Israel","Asia","Vest-Asia",42360,4.76876660512451,371,75,21640,8882800,41719.7254417057,11.9769860249625,92.418,4121000,19.2,23,76,0,0,1,NA,NA,NA,NA,NA,NA
"ITA","Italia","Europa","Sør-Europa",243344,4.02742323295448,34984,52.78,294140,60421760,34520.085162403,22.7516796025077,70.438,61567200,13.45,10.4,89,0,1,1,NA,NA,0.69,2,26.62,47
"JAM","Jamaica","Amerika","Latin-Amerika og Karibia",762,0.259638040039457,10,76.85,10830,2934855,5354.2368587703,8.79664255070196,55.674,2473000,24.95,0.8,78,0,0,0,NA,NA,NA,NA,NA,NA
"JOR","Jordan","Asia","Vest-Asia",1198,0.120329316630928,10,77.78,88780,9956011,4241.78878213854,3.84649039799834,90.979,4150000,18.3,33.1,37,0,0,0,1.83562992125984,2.81299212598425,NA,NA,8.92,NA
"JPN","Japan","Asia","Øst-Asia",22508,0.177887932499322,984,27.78,364560,126529100,39159.4235633952,27.576369910355,91.616,31192000,11.15,2,96,0,0,1,1.63942712721146,2.63437236731255,0.59,1,14.19,NA
"KAZ","Kasakhstan","Asia","Sentral-Asia",63514,3.47517332162941,375,77.31,2699700,18276498.5,9812.60140498928,7.39184627103032,57.428,8789000,6.4,20,23,0,0,0,1.76317991631799,2.11380753138075,NA,NA,17.89,NA
"KEN","Kenya","Afrika","Afrika sør for Sahara",10791,0.209970188552879,202,93.52,569140,51393010,1707.98680529003,2.33918661191556,27.03,NA,24.75,2,48,0,0,0,NA,NA,NA,NA,NA,NA
"KGZ","Kirgisistan","Asia","Sentral-Asia",11977,1.89425570949579,160,79.17,191800,6322800,1308.14016549619,4.49472797559656,36.351,423000,1.55,3.1,39,0,0,0,1.88280581693755,2.52437981180496,NA,NA,17.94,NA
"KHM","Kambodsja","Asia","Sørøst-Asia",165,0.0101539723755335,0,40.74,176520,16249798,1512.12670972847,4.56868001756576,23.388,6201000,26.8,0.5,25,0,0,0,NA,NA,NA,NA,NA,NA
"KNA","Saint Kitts og Nevis","Amerika","Latin-Amerika og Karibia",17,0.324173833450926,0,NA,260,52441,19275.2772604415,NA,30.776,125000,24.5,14.4,89,0,0,0,NA,NA,NA,NA,NA,NA
"KOR","Sør-Korea","Asia","Øst-Asia",13551,0.262582525002164,289,56.94,97489.00390625,51606633,33340.265151682,14.4185558323969,81.459,15347000,11.5,2.3,83,0,0,1,1.67068273092369,2.52289156626506,0,NA,27.68,NA
"KWT","Kuwait","Asia","Vest-Asia",56174,13.5774145145447,396,84.26,17820,4137312,33994.3819171507,2.55047238400198,100,8508000,25.35,72.1,36,0,0,0,NA,NA,NA,NA,NA,NA
"LAO","Laos","Asia","Sørøst-Asia",19,0.00269064379600558,0,43.52,230800,7061507,2542.4865281792,4.0751499644481,35.004,3770000,22.8,0.7,14,0,0,0,NA,NA,NA,NA,NA,NA
"LBN","Libanon","Asia","Vest-Asia",2451,0.357866380490369,37,74.07,10230,6848925,8024.80327081387,7.00236813439294,88.593,1964000,16.4,27.2,44,0,0,0,1.9,3.09075630252101,NA,NA,NA,NA
"LBR","Liberia","Afrika","Afrika sør for Sahara",1024,0.21249323248482,51,84.26,96320,4818977,677.322178545364,3.25343179968014,51.151,NA,25.3,1.9,60,0,0,0,NA,NA,NA,NA,NA,NA
"LBY","Libya","Afrika","Nord-Afrika",1563,0.234032240748652,42,93.52,1759540,6678567,7877.12225061884,4.39204025898401,80.102,NA,21.8,12.1,9,0,0,0,NA,NA,NA,NA,NA,NA
"LCA","Saint Lucia","Amerika","Latin-Amerika og Karibia",22,0.120952888849793,0,NA,610,181889,11357.8890096382,9.80653035642617,18.678,395000,25.5,4.6,92,0,0,0,NA,NA,NA,NA,NA,NA
"LIE","Liechtenstein","Europa","Vest-Europa",85,2.24215246636771,1,NA,160,37910,NA,NA,14.338,85300,5.65,67,90,0,0,0,NA,NA,NA,NA,NA,NA
"LKA","Sri Lanka","Asia","Sør-Asia",2665,0.122981079833872,11,76.85,62710,21670000,4080.56712469552,10.4732197537841,18.476,2334000,26.95,0.2,56,0,0,0,NA,NA,NA,NA,NA,NA
"LSO","Lesotho","Afrika","Afrika sør for Sahara",245,0.116216631596124,3,62.04,30360,2108132,1221.88376312516,4.90108749682213,28.153,1173000,11.85,0.3,63,0,0,0,NA,NA,NA,NA,NA,NA
"LTU","Litauen","Europa","Nord-Europa",1875,0.669274039341891,79,60.19,62642.001953125,2801543,19080.6173717553,19.7050331564608,67.679,2825000,6.2,4.2,91,0,1,1,NA,NA,0.894806421,NA,15.83,46
"LUX","Luxembourg","Europa","Vest-Europa",5056,8.3164733941936,111,43.52,2430,607950,116654.26106674,14.1831541841472,90.981,1018000,8.65,47.4,98,0,1,1,NA,NA,NA,NA,22.31,44
"LVA","Latvia","Europa","Nord-Europa",1178,0.611257727636425,31,62.96,62180,1927174,17805.2803143817,20.0436203206809,68.142,1946000,5.6,12.4,89,0,1,1,NA,NA,1.000600034,NA,13.3,51
"MAR","Marokko","Afrika","Nord-Afrika",16097,0.446777272328858,257,93.52,446300,36029138,3222.20063433213,7.0129048211122,62.453,12289000,17.1,0.3,37,0,0,0,NA,NA,NA,NA,NA,NA
"MCO","Monaco","Europa","Vest-Europa",109,2.81784809472106,4,NA,NA,38682,185829.017960407,NA,100,347000,13.55,68,83,0,0,0,NA,NA,NA,NA,NA,NA
"MDA","Moldova","Europa","Øst-Europa",19708,7.2829427700681,658,80.56,32890,2706049,4233.99955588135,11.4695563413512,42.629,160000,9.45,2.6,60,0,0,0,NA,NA,NA,NA,13.42,NA
"MDG","Madagaskar","Afrika","Afrika sør for Sahara",5343,0.203447000666505,39,70.37,581800,26262368,527.501326141803,2.98671712579162,37.191,291000,22.65,0.1,61,0,0,0,NA,NA,NA,NA,NA,NA
"MDV","Maldivene","Asia","Sør-Asia",2801,5.43149452390556,14,NA,300,515696,10330.615614094,3.70334460612454,39.808,1484000,27.65,13,40,0,0,0,NA,NA,NA,NA,NA,NA
"MEX","Mexico","Amerika","Latin-Amerika og Karibia",311486,2.46837352343025,36327,72.69,1943950,126190788,9673.44367360619,7.22368498087198,80.156,41313000,21,0.8,62,0,0,1,1.89671090594345,3.3202538949798,NA,NA,NA,50
"MKD","Nord-Makedonia","Europa","Sør-Europa",8328,3.99816030856119,389,NA,25220,2082958,6062.94260420864,13.6701813815648,57.963,707000,9.8,6.3,63,0,0,0,NA,NA,NA,NA,NA,NA
"MLI","Mali","Afrika","Afrika sør for Sahara",2423,0.12700699088831,121,52.78,1220190,19077690,900.110164506815,2.50722975755683,42.356,14000,28.25,2.4,41,0,0,0,NA,NA,NA,NA,NA,NA
"MLT","Malta","Europa","Sør-Europa",674,1.39075170748819,9,NA,320,484630,30133.4661748731,20.3493242997122,94.612,2599000,19.2,19.3,90,0,1,0,NA,NA,NA,NA,21.88,NA
"MMR","Myanmar/Burma","Asia","Sørøst-Asia",337,0.00627462429290616,6,80.56,653080,53708395,1418.17762347196,5.78464193257209,30.579,3551000,13.05,0.1,30,0,0,0,1.84916666666667,1.89833333333333,NA,NA,NA,NA
"MNE","Montenegro","Europa","Sør-Europa",1522,2.44605264638147,25,NA,13450,622227,8850.09273291116,14.9749366447439,66.813,2077000,NA,11.3,62,0,0,0,NA,NA,NA,NA,29.33,NA
"MNG","Mongolia","Asia","Øst-Asia",261,0.0823289828301487,0,62.96,1553560,3170208,4134.98719823511,4.08353878726245,68.445,529000,-0.7,0.7,84,0,0,0,NA,NA,NA,NA,64.41,NA
"MNP","Nord-Marianene","Oseania","Mikronesia",36,0.632889138919166,2,NA,460,56882,23258.6758552794,NA,91.618,517000,27.35,38.1,NA,NA,0,0,NA,NA,NA,NA,NA,NA
"MOZ","Mosambik","Afrika","Afrika sør for Sahara",1268,0.0429889352312022,9,62.04,786380,29495962,498.957220208652,2.8907644574499,35.988,2743000,23.8,1.1,45,0,0,0,NA,NA,NA,NA,NA,NA
"MRT","Mauritania","Afrika","Afrika sør for Sahara",5446,1.23679433627225,149,77.78,1030700,4403319,1600.87646860561,3.14111215805009,53.672,NA,27.65,3.8,34,0,0,0,NA,NA,NA,NA,NA,NA
"MUS","Mauritius","Afrika","Afrika sør for Sahara",342,0.270290989589055,10,65.74,2030,1265303,11208.2273695738,11.4741730686522,40.793,1399000,22.4,2.3,89,0,0,0,NA,NA,NA,NA,NA,NA
"MWI","Malawi","Afrika","Afrika sør for Sahara",2497,0.137626448088456,40,57.41,94280,18143315,381.258987601084,2.64543493031032,16.937,871000,21.9,1.3,62,0,0,0,NA,NA,NA,NA,NA,NA
"MYS","Malaysia","Asia","Sørøst-Asia",8729,0.276859871763988,122,75,328550,31528585,11373.2330025676,6.67175462547886,76.036,25832000,25.4,10.7,52,0,0,0,1.80411585365854,2.51753048780488,NA,NA,NA,NA
"NAM","Namibia","Afrika","Afrika sør for Sahara",864,0.352904415593964,2,62.96,823290,2448255,5495.42883582824,3.63603168074514,50.032,NA,19.95,4.3,77,0,0,0,NA,NA,NA,NA,NA,NA
"NCL","Ny-Caledonia","Oseania","Melanesia",22,0.0774484263887911,0,NA,18280,284060,NA,9.17415792537671,70.683,120000,22.15,25.7,NA,NA,0,0,NA,NA,NA,NA,NA,NA
"NER","Niger","Afrika","Afrika sør for Sahara",1099,0.0489686114319741,68,22.22,1266700,22442948,571.526992228733,2.59500788269853,16.425,157000,27.15,1.3,48,0,0,0,NA,NA,NA,NA,NA,NA
"NGA","Nigeria","Afrika","Afrika sør for Sahara",33616,0.171619883196782,754,80.56,910770,195874740,2032.72970882575,2.74737700532743,50.344,NA,26.8,0.6,47,0,0,0,1.87275693311582,2.69004893964111,NA,NA,NA,NA
"NIC","Nicaragua","Amerika","Latin-Amerika og Karibia",3147,0.486736319299025,99,11.11,120340,6465513,2020.54702818624,5.24749744838026,58.522,1256000,24.9,0.6,31,0,0,0,1.9575,2.93583333333333,NA,NA,NA,NA
"NLD","Nederland","Europa","Vest-Europa",51146,2.96814740154497,6135,62.96,33690,17231624,53048.0962104394,19.1961926333387,91.49,18780000,9.25,13.4,99,0,1,1,NA,NA,0.88,3,9.78,35
"NOR","Norge","Europa","Nord-Europa",8984,1.69129180506619,253,39.81,365123.0078125,5311916,81734.4655736102,17.0492221563211,82.248,5688000,1.5,16.1,100,1,0,1,NA,NA,1,3,16.97,17
"NPL","Nepal","Asia","Sør-Asia",17061,0.607415207795564,38,92.59,143350,28087871,1038.65164702443,5.72767077569198,19.74,1173000,8.1,1.7,56,0,0,0,NA,NA,NA,NA,NA,NA
"NZL","New Zealand","Oseania","Australia og New Zealand",1197,0.247262962197893,22,33.33,263310,4841000,42949.9305849512,15.6524245271741,86.538,3686000,10.55,22.3,97,1,0,1,1.39213602550478,2.46121147715197,1,NA,22.68,NA
"OMN","Oman","Asia","Vest-Asia",59568,12.3342395034831,273,83.33,309500,4829483,16414.8880173692,2.39278695625796,84.539,2301000,25.6,46,23,0,0,0,NA,NA,NA,NA,NA,NA
"PAK","Pakistan","Asia","Sør-Asia",255769,1.20523508631787,5386,82.41,770880,212215030,1482.30566684338,4.31277431133756,36.666,NA,20.2,1.5,38,0,0,0,1.76376737004632,2.2892434379825,NA,NA,NA,NA
"PAN","Panama","Amerika","Latin-Amerika og Karibia",48096,11.5148341833711,960,89.81,74340,4176873,15592.573678922,8.10473107966757,67.709,1785000,25.4,4.4,84,0,0,0,NA,NA,NA,NA,NA,NA
"PER","Peru","Amerika","Latin-Amerika og Karibia",333867,10.4368479216897,12229,89.81,1280000,31989256,6941.23584763012,8.08839279183076,77.907,4419000,19.6,2.4,72,0,0,0,1.94767441860465,3.4469476744186,NA,NA,10.26,NA
"PHL","Filippinene","Asia","Sørøst-Asia",57545,0.539558958909339,1603,77.78,298170,106651922,3252.09232412664,5.12256876829946,46.907,7168000,25.85,0.2,59,0,0,0,1.94653299916458,1.88304093567251,NA,NA,8.21,NA
"PNG","Papua Ny-Guinea","Oseania","Melanesia",11,0.00127813108419445,0,46.76,452860,8606316,2720.3852453824,3.44526925145617,13.169,140000,25.25,0.4,62,0,0,0,NA,NA,NA,NA,NA,NA
"POL","Polen","Europa","Øst-Europa",38457,1.01269922777635,1588,53.7,306190,37974750,15460.6442805468,17.5178167625452,60.058,19622000,7.85,1.7,84,0,1,1,NA,NA,0.785905132,NA,24.3,40
"PRI","Puerto Rico","Amerika","Latin-Amerika og Karibia",10123,3.17002123785838,169,86.11,8870,3193354,31621.8934700005,18.6748502103569,93.578,3068000,25.25,9.1,NA,NA,0,0,1.82411604714415,3.30915684496827,NA,NA,NA,NA
"PRT","Portugal","Europa","Sør-Europa",47051,4.57524449567486,1668,71.3,91605.595703125,10283822,23461.5718628115,21.9538575375873,65.211,16186000,15.15,8.7,96,0,1,1,NA,NA,0.69,NA,17.72,45
"PRY","Paraguay","Amerika","Latin-Amerika og Karibia",3074,0.441916133403469,25,77.78,397300,6956071,5805.67561638869,6.43021500946081,61.585,1181000,23.55,2.3,65,0,0,0,NA,NA,NA,NA,19.38,NA
"PSE","Palestina","Asia","Vest-Asia",7734,1.69267952218901,47,80.56,6020,4569087,3198.86664447405,3.13330573708009,76.164,606000,NA,5.1,NA,NA,0,0,NA,NA,NA,NA,NA,NA
"PYF","Fransk Polynesia","Oseania","Polynesia",62,0.223279398153984,0,NA,3660,277679,NA,8.29050810468202,61.834,216300,NA,11.2,NA,NA,0,0,NA,NA,NA,NA,NA,NA
"QAT","Qatar","Asia","Vest-Asia",104533,37.5791294244443,150,83.33,11610,2781677,68793.7844372614,1.3700703387375,99.135,1819300,27.15,78.7,25,0,0,0,NA,NA,NA,NA,NA,NA
"ROU","Romania","Europa","Øst-Europa",33585,1.72473603219302,1931,61.11,230080,19472545,12408.5964891293,18.3387013938296,53.998,11720000,NA,2.4,83,0,1,0,1.88210347752332,3.16709075487701,NA,NA,28.5,NA
"RUS","Russland","Europa","Øst-Europa",739947,5.12152519424083,11614,74.54,16376870,144477860,11370.8134559314,14.6747083203719,74.433,24551000,-5.1,8,20,0,0,0,1.75880281690141,2.48004694835681,NA,NA,14.82,NA
"RWA","Rwanda","Afrika","Afrika sør for Sahara",1416,0.11510380599351,4,56.48,24670,12301939,782.618140904879,2.9381960775388,17.211,NA,17.85,4.3,22,0,0,0,NA,NA,NA,NA,NA,NA
"SAU","Saudi-Arabia","Asia","Vest-Asia",237803,7.05647994045807,2283,75.46,2149690,33699947,23338.9634581127,3.31408802294981,83.844,15334000,24.65,38.3,7,0,0,0,NA,NA,NA,NA,NA,NA
"SDN","Sudan","Afrika","Nord-Afrika",10316,0.246785207614276,657,91.67,NA,41801533,623.867252394076,3.58116052825144,34.642,836000,26.9,2.9,12,0,0,0,NA,NA,NA,NA,35.29,NA
"SEN","Senegal","Afrika","Afrika sør for Sahara",8243,0.519920072459563,150,72.22,192530,15854360,1465.59100640191,3.08682370101833,47.192,NA,27.85,1.7,71,0,0,0,NA,NA,NA,NA,NA,NA
"SGP","Singapore","Asia","Sørøst-Asia",46629,8.26949446997841,27,77.78,709.000015258789,5638676,66188.7793961798,11.4633801933791,100,14673000,26.45,37.1,50,0,0,0,NA,NA,NA,NA,NA,NA
"SLE","Sierra Leone","Afrika","Afrika sør for Sahara",1651,0.215812649000269,64,73.15,72180,7650154,533.991184258936,2.96655621131612,42.055,57000,26.05,0.7,65,0,0,0,NA,NA,NA,NA,NA,NA
"SLV","El Salvador","Amerika","Latin-Amerika og Karibia",10303,1.60464270184265,278,100,20720,6420744,4067.65944881154,8.28709000480629,72.023,1677300,24.45,0.7,66,0,0,0,NA,NA,NA,NA,NA,NA
"SMR","San Marino","Europa","Sør-Europa",699,20.6896551724138,42,57.41,60,33785,48481.0133042107,NA,97.226,84000,11.85,16.3,95,0,0,0,NA,NA,NA,NA,NA,NA
"SOM","Somalia","Afrika","Afrika sør for Sahara",3076,0.204955252991141,93,48.15,627340,15008154,NA,2.87331094294556,44.971,NA,27.05,0.3,7,0,0,0,NA,NA,NA,NA,NA,NA
"SRB","Serbia","Europa","Sør-Europa",18983,2.7186132852443,418,43.52,87460,6982604,7246.19198607054,18.3457926916963,56.092,1711000,NA,9.4,66,0,0,0,1.84145077720207,3.0580310880829,NA,NA,31.57,55
"SSD","Sør-Sudan","Afrika","Afrika sør for Sahara",2148,0.195701134847922,41,86.57,NA,10975920,NA,3.39848287985152,19.615,NA,NA,7.8,2,0,0,0,NA,NA,NA,NA,NA,NA
"STP","Sao Tome og Principe","Afrika","Afrika sør for Sahara",732,3.46873400686165,14,NA,960,211028,2001.1369778051,2.9256781090661,72.803,33400,23.75,1,84,0,0,0,NA,NA,NA,NA,NA,NA
"SUR","Surinam","Amerika","Latin-Amerika og Karibia",801,1.39064672885514,18,77.78,156000,575991,6003.723065571,6.90636990225525,66.06,NA,25.7,7.9,75,0,0,0,NA,NA,NA,NA,NA,NA
"SVK","Slovakia","Europa","Øst-Europa",1908,0.350299287412671,28,69.44,48080,5446771,19428.1162135733,15.629246504777,53.726,2256000,6.8,3.4,88,0,1,1,NA,NA,0.836473181,NA,24.34,48
"SVN","Slovenia","Europa","Sør-Europa",1859,0.896381396541964,111,40.74,20141.9995117188,2073894,26054.5421049784,19.6068796541788,54.541,4425000,8.9,12.2,94,0,1,1,NA,NA,1,NA,13.48,40
"SWE","Sverige","Europa","Nord-Europa",76001,7.46922865700908,5545,46.3,407310,10175214,54589.0603860606,20.0955249278002,87.431,7440000,2.1,20,100,0,1,1,NA,NA,0.88,3,13.73,8
"SWZ","Swaziland","Afrika","Afrika sør for Sahara",1434,1.26211174001554,20,84.26,17200,1136191,4145.97411002514,4.01458794083506,23.799,782000,21.4,2.8,19,0,0,0,NA,NA,NA,NA,NA,NA
"SXM","Sint Marteen, NL","Amerika","Latin-Amerika og Karibia",78,1.91863039307325,15,NA,NA,40654,NA,NA,100,178000,NA,66.7,NA,NA,0,0,NA,NA,NA,NA,NA,NA
"SYC","Seychellene","Afrika","Afrika sør for Sahara",100,1.0334635497406,0,19.44,460,96762,16390.824875738,7.59454560435034,56.691,362000,27.15,13.2,72,0,0,0,NA,NA,NA,NA,NA,NA
"SYR","Syria","Asia","Vest-Asia",439,0.0259666775955424,21,61.11,183630,16906283,NA,4.50312442147583,54.162,NA,17.75,5.1,0,0,0,0,NA,NA,NA,NA,NA,NA
"TCA","Turks- og Caicosøyene","Amerika","Latin-Amerika og Karibia",72,1.9115890083632,2,NA,950,37665,27142.2277976902,NA,93.098,441000,28,64.2,NA,NA,0,0,NA,NA,NA,NA,NA,NA
"TCD","Tsjad","Afrika","Afrika sør for Sahara",884,0.0571142409514147,75,74.07,1259200,15477751,726.149881109447,2.48051894434901,23.059,NA,26.55,3.2,17,0,0,0,NA,NA,NA,NA,NA,NA
"TGO","Togo","Afrika","Afrika sør for Sahara",731,0.0926595626823562,15,67.59,54390,7889094,678.95563806112,2.86946801108822,41.702,573000,27.15,3.5,44,0,0,0,NA,NA,NA,NA,NA,NA
"THA","Thailand","Asia","Sørøst-Asia",3232,0.0465514721298122,58,69.44,510890,69428524,7295.47561612095,11.9008931395893,49.949,38178000,26.3,5.2,32,0,0,0,1.68268497330282,2.38443935926773,NA,NA,NA,60
"TJK","Tadsjikistan","Asia","Sentral-Asia",6643,0.729932862219156,56,48.15,138790,9100837,826.621530538704,3.02188755207627,27.134,1035000,2,2.9,9,0,0,0,1.79558948261238,1.56912637828668,NA,NA,21.95,NA
"TLS","Øst-Timor","Asia","Sørøst-Asia",24,0.0189278627603764,0,23.15,14870,1267972,1237.10268208254,4.31649229400603,30.578,75000,NA,0.7,71,0,0,0,NA,NA,NA,NA,NA,NA
"TTO","Trinidad og Tobago","Amerika","Latin-Amerika og Karibia",133,0.0956932290924684,8,87.04,5130,1389858,17129.9130902577,10.7349535163324,53.184,375000,25.75,4.2,82,0,0,0,NA,NA,NA,NA,NA,NA
"TUN","Tunisia","Afrika","Nord-Afrika",1306,0.112924942785272,50,79.63,155360,11565204,3438.78908914627,8.31567907898877,68.945,8299000,19.2,0.5,70,0,0,0,1.85900783289817,3.44125326370757,NA,NA,NA,NA
"TUR","Tyrkia","Asia","Vest-Asia",214993,2.61168271166701,5402,67.59,769630,82319724,9370.1763549731,8.4832129399716,75.143,45768000,11.1,7,32,0,0,1,1.85867237687366,2.13533190578158,NA,NA,38.18,54
"TZA","Tanzania","Afrika","Afrika sør for Sahara",509,0.00903790714883895,21,32.41,885800,56318348,1060.99461489421,2.60129917835952,33.776,1378000,22.35,0.9,40,0,0,0,NA,NA,NA,NA,27.29,NA
"UGA","Uganda","Afrika","Afrika sør for Sahara",1040,0.02434278061825,0,80.56,200520,42723139,767.097759575903,1.94098692046317,23.774,NA,22.8,3.9,34,0,0,0,NA,NA,NA,NA,NA,NA
"UKR","Ukraina","Europa","Øst-Europa",54771,1.22742961300391,1412,76.39,579290,44622518,3096.81740221352,16.4346864392016,69.352,14104000,8.3,11.3,62,0,0,0,NA,NA,NA,NA,NA,NA
"URY","Uruguay","Amerika","Latin-Amerika og Karibia",997,0.289044237684237,31,57.41,175020,3449299,17277.9701101852,14.8145195308593,95.334,3469000,17.55,2.4,98,0,0,0,NA,NA,NA,NA,NA,NA
"USA","USA","Amerika","Nord-Amerika",3431574,10.5041484277661,136466,72.69,9147420,326687501,62840.0202387954,15.8076540556035,82.256,79745920,8.55,15.4,86,0,0,1,1.60188827694729,2.92250196695515,NA,1,NA,31
"UZB","Usbekistan","Asia","Sentral-Asia",14293,0.433698162100491,68,81.94,425400,32956100,1529.08286351335,4.4191378781364,50.478,5346000,12.05,3.5,10,0,0,0,NA,NA,NA,NA,8.56,NA
"VCT","Saint Vincent og Grenadinene","Amerika","Latin-Amerika og Karibia",35,0.317575537610017,0,NA,390,110210,7361.4009618002,9.58978686338024,52.198,80000,26.8,4.2,91,0,0,0,NA,NA,NA,NA,NA,NA
"VEN","Venezuela","Amerika","Latin-Amerika og Karibia",10010,0.346724364002391,96,81.48,882050,28870195,NA,7.26698662012597,88.208,NA,25.35,4.8,16,0,0,0,NA,NA,NA,NA,NA,59
"VGB","Jomfruøyene, Britisk","Amerika","Latin-Amerika og Karibia",8,0.268438359841621,1,NA,150,29802,NA,NA,47.723,192000,NA,69.2,NA,NA,0,0,NA,NA,NA,NA,NA,NA
"VIR","Jomfruøyene, US","Amerika","Latin-Amerika og Karibia",217,2.02847341017228,6,NA,350,106977,NA,19.2883072220099,95.721,381000,25.6,54.3,NA,NA,0,0,NA,NA,NA,NA,NA,NA
"VNM","Vietnam","Asia","Sørøst-Asia",373,0.00390410778603124,0,65.74,310070,95540395,2566.59694958511,7.2749782978793,35.919,15498000,24.45,0.1,20,0,0,0,1.72156196943973,1.70288624787776,NA,NA,NA,NA
"YEM","Jemen","Asia","Vest-Asia",1502,0.052704182476898,430,58.33,527970,28498687,968.159047582999,2.87626975604452,36.642,NA,23.85,1.3,11,NA,0,0,NA,NA,NA,NA,NA,NA
"ZAF","Sør-Afrika","Afrika","Afrika sør for Sahara",298292,5.1625813682201,4346,80.56,1213090,57779622,6374.02819575944,5.31800500542302,66.355,10472000,17.75,7.2,79,0,0,0,NA,NA,NA,NA,NA,55
"ZMB","Zambia","Afrika","Afrika sør for Sahara",2283,0.131571197537642,82,32.41,743390,17351822,1556.33448154128,2.09967802593266,43.521,1072000,21.4,1,54,NA,0,0,NA,NA,NA,NA,NA,NA
"ZWE","Zimbabwe","Afrika","Afrika sør for Sahara",1034,0.0716115181794219,19,87.96,386850,14439018,1683.74057709465,2.93952365300113,32.209,2580000,21,2.8,29,0,0,0,1.97845898922949,2.52941176470588,NA,NA,NA,NA
